Code département;Département;Code circonscription;Libellé circonscription;Numéro de panneau;Sexe du candidat;Nom du candidat;Prénom du candidat;Nationalité du candidat;Code personnalité
987;Polynésie française;98711SN01;Anaa Section 01 ANAA;;M;BURNS;Léonard;Française;
987;Polynésie française;98711SN01;Anaa Section 01 ANAA;;F;BURNS;Léonne Teriihoanuu;Française;
987;Polynésie française;98711SN01;Anaa Section 01 ANAA;;F;DEXTER;Madeleine;Française;
987;Polynésie française;98711SN01;Anaa Section 01 ANAA;;M;DEXTER;Jean-Baptiste;Française;
987;Polynésie française;98711SN01;Anaa Section 01 ANAA;;F;GATATA ÉPSE PAEAHI;Edwina;Française;
987;Polynésie française;98711SN01;Anaa Section 01 ANAA;;F;HAUATA;Vaihani;Française;
987;Polynésie française;98711SN01;Anaa Section 01 ANAA;;M;HAUATA;Maximilien;Française;
987;Polynésie française;98711SN01;Anaa Section 01 ANAA;;F;LEE EPOUSE TRINQUIER;Marie-Laure Vaea;Française;
987;Polynésie française;98711SN01;Anaa Section 01 ANAA;;F;MARO;Veronika;Française;
987;Polynésie française;98711SN01;Anaa Section 01 ANAA;;M;MARO;Joseph;Française;
987;Polynésie française;98711SN01;Anaa Section 01 ANAA;;F;MARO;Christiane;Française;
987;Polynésie française;98711SN01;Anaa Section 01 ANAA;;F;MARO ÉPOUSE TANE;Celestine Marie Reva;Française;
987;Polynésie française;98711SN01;Anaa Section 01 ANAA;;F;MATAI;Maima Valentine;Française;
987;Polynésie française;98711SN01;Anaa Section 01 ANAA;;F;PITA;Jacinthe;Française;
987;Polynésie française;98711SN01;Anaa Section 01 ANAA;;F;PITA ÉPOUSE TEMARII;Reiatua;Française;
987;Polynésie française;98711SN01;Anaa Section 01 ANAA;;M;RAVEINO;Rustique;Française;
987;Polynésie française;98711SN01;Anaa Section 01 ANAA;;M;TANE;Moeava;Française;
987;Polynésie française;98711SN01;Anaa Section 01 ANAA;;F;TARAHU;Milda Rereata;Française;
987;Polynésie française;98711SN01;Anaa Section 01 ANAA;;F;TAUTU BURNS;Sabine Taumuri;Française;
987;Polynésie française;98711SN01;Anaa Section 01 ANAA;;F;TEIHOTUA ÉPOUSE TEVAEARAI;Annette;Française;
987;Polynésie française;98711SN01;Anaa Section 01 ANAA;;F;TEPAHOTO;Caroline;Française;
987;Polynésie française;98711SN01;Anaa Section 01 ANAA;;F;TEVAITAU ÉPSE TERAI;Clarisse Moeata;Française;
987;Polynésie française;98711SN01;Anaa Section 01 ANAA;;F;TUAIRA;Marie-Jeanne;Française;
987;Polynésie française;98711SN01;Anaa Section 01 ANAA;;M;TUHAKAMARU;Hekenoa Pebino;Française;
987;Polynésie française;98711SN01;Anaa Section 01 ANAA;;F;TUHAKAMARU;Vairite;Française;
987;Polynésie française;98711SN01;Anaa Section 01 ANAA;;M;TUHOE;Mahinui;Française;
987;Polynésie française;98711SN01;Anaa Section 01 ANAA;;F;TUHOE;Leila;Française;
987;Polynésie française;98711SN01;Anaa Section 01 ANAA;;M;URAINA;François Turatahi;Française;
987;Polynésie française;98711SN01;Anaa Section 01 ANAA;;M;UTIA;David;Française;
987;Polynésie française;98711SN01;Anaa Section 01 ANAA;;F;UTIA;Bernice Havaiki;Française;
987;Polynésie française;98711SN01;Anaa Section 01 ANAA;;M;WILLIAMS;Tavi Christian;Française;
987;Polynésie française;98711SN01;Anaa Section 01 ANAA;;M;YIP;Calixte Robert Teroki;Française;
987;Polynésie française;98711SN02;Anaa Section 02 FAAITE;;F;BROWN;Sylvie Tahia;Française;
987;Polynésie française;98711SN02;Anaa Section 02 FAAITE;;M;HAAPII;Basile;Française;
987;Polynésie française;98711SN02;Anaa Section 02 FAAITE;;M;HAUATA;Leon;Française;
987;Polynésie française;98711SN02;Anaa Section 02 FAAITE;;M;MAU;Raimana;Française;
987;Polynésie française;98711SN02;Anaa Section 02 FAAITE;;F;MAUATI;Sabine;Française;
987;Polynésie française;98711SN02;Anaa Section 02 FAAITE;;F;NOHO;Amanda-Heimana;Française;
987;Polynésie française;98711SN02;Anaa Section 02 FAAITE;;F;PITO;Vaite Rosalie;Française;
987;Polynésie française;98711SN02;Anaa Section 02 FAAITE;;F;TAPI;Adeline Matuatua;Française;
987;Polynésie française;98711SN02;Anaa Section 02 FAAITE;;M;TAPI;Vaiarii Moe;Française;
987;Polynésie française;98711SN02;Anaa Section 02 FAAITE;;M;TAPI;Hans;Française;
987;Polynésie française;98711SN02;Anaa Section 02 FAAITE;;M;TEATA;Michel;Française;
987;Polynésie française;98711SN02;Anaa Section 02 FAAITE;;F;TEATA;Marie-Rose;Française;
987;Polynésie française;98711SN02;Anaa Section 02 FAAITE;;F;TEATA;Ruaragi;Française;
987;Polynésie française;98711SN02;Anaa Section 02 FAAITE;;M;TEIKIHAKAUPOKO;Poetai;Française;
987;Polynésie française;98711SN02;Anaa Section 02 FAAITE;;M;TEIRI;Gerard;Française;
987;Polynésie française;98711SN02;Anaa Section 02 FAAITE;;M;TETOOFA;Rémi Tekehu;Française;
987;Polynésie française;98711SN02;Anaa Section 02 FAAITE;;M;TEUA;Thomas;Française;
987;Polynésie française;98711SN02;Anaa Section 02 FAAITE;;M;TEURI;Hauroa Roger;Française;
987;Polynésie française;98711SN02;Anaa Section 02 FAAITE;;M;TIAIHO;Taihoro Desmey;Française;
987;Polynésie française;98711SN02;Anaa Section 02 FAAITE;;M;TUFAKAMARU;Jacques;Française;
987;Polynésie française;98711SN02;Anaa Section 02 FAAITE;;F;TUFAKAMARU;Ragihere;Française;
987;Polynésie française;98711SN02;Anaa Section 02 FAAITE;;M;TUFAUNUI;Léonard Reonari;Française;
987;Polynésie française;98711SN02;Anaa Section 02 FAAITE;;M;WILLIAMS;Fernand Fariua;Française;
987;Polynésie française;98711SN02;Anaa Section 02 FAAITE;;M;WILLIAMS;Joseph Vitua;Française;
987;Polynésie française;98711SN02;Anaa Section 02 FAAITE;;M;WILLIAMS;Albert;Française;
987;Polynésie française;98717SN01;Fangatau Section 01 FAKAHINA;;F;AHINI;Rautea Robertha;Française;
987;Polynésie française;98717SN01;Fangatau Section 01 FAKAHINA;;F;ARUTAHI;Nadia Rangitake;Française;
987;Polynésie française;98717SN01;Fangatau Section 01 FAKAHINA;;F;ATGER;Amélia;Française;
987;Polynésie française;98717SN01;Fangatau Section 01 FAKAHINA;;M;HAPIPI;Tunui Rogatien;Française;
987;Polynésie française;98717SN01;Fangatau Section 01 FAKAHINA;;F;IOANE;Ghislaine Isabelle Raita;Française;
987;Polynésie française;98717SN01;Fangatau Section 01 FAKAHINA;;F;MARUAKE;Talida Heimaru;Française;
987;Polynésie française;98717SN01;Fangatau Section 01 FAKAHINA;;M;MARUAKE;Albert Mapu;Française;
987;Polynésie française;98717SN01;Fangatau Section 01 FAKAHINA;;M;NUI;Clément;Française;
987;Polynésie française;98717SN01;Fangatau Section 01 FAKAHINA;;F;PUA;Nadia;Française;
987;Polynésie française;98717SN01;Fangatau Section 01 FAKAHINA;;M;RAI;Jean-Philippe;Française;
987;Polynésie française;98717SN01;Fangatau Section 01 FAKAHINA;;F;TAMU;Agnés Teraiefa;Française;
987;Polynésie française;98717SN01;Fangatau Section 01 FAKAHINA;;M;TEATO;Jean-Yann Hitinui Emanuera;Française;
987;Polynésie française;98717SN01;Fangatau Section 01 FAKAHINA;;M;TEFAU;Sergio Tehani;Française;
987;Polynésie française;98717SN01;Fangatau Section 01 FAKAHINA;;M;TEHIVA;Vetea Pierre;Française;
987;Polynésie française;98717SN01;Fangatau Section 01 FAKAHINA;;M;TEHIVA;Puniava;Française;
987;Polynésie française;98717SN01;Fangatau Section 01 FAKAHINA;;F;TINIRAU ÉPOUSE MANEA;Françoise;Française;
987;Polynésie française;98717SN01;Fangatau Section 01 FAKAHINA;;F;TORIKI;Rosella Pare;Française;
987;Polynésie française;98717SN01;Fangatau Section 01 FAKAHINA;;M;VOIRIN;Raymond;Française;
987;Polynésie française;98717SN02;Fangatau Section 02 FANGATAU;;M;DIAZ;André;Française;
987;Polynésie française;98717SN02;Fangatau Section 02 FANGATAU;;F;HIO;Utita;Française;
987;Polynésie française;98717SN02;Fangatau Section 02 FANGATAU;;F;IOTEFA;Gabrielle Huriamana;Française;
987;Polynésie française;98717SN02;Fangatau Section 02 FANGATAU;;F;ITURAGI;Vanessa Taururagi;Française;
987;Polynésie française;98717SN02;Fangatau Section 02 FANGATAU;;M;ITURAGI;Raymond;Française;
987;Polynésie française;98717SN02;Fangatau Section 02 FANGATAU;;F;MAPU;Veronika;Française;
987;Polynésie française;98717SN02;Fangatau Section 02 FANGATAU;;F;NATUA;Karere;Française;
987;Polynésie française;98717SN02;Fangatau Section 02 FANGATAU;;F;PATER;Tematai Heidi;Française;
987;Polynésie française;98717SN02;Fangatau Section 02 FANGATAU;;F;PENEHATA;Valentine Terai;Française;
987;Polynésie française;98717SN02;Fangatau Section 02 FANGATAU;;F;SHAN;Catherine;Française;
987;Polynésie française;98717SN02;Fangatau Section 02 FANGATAU;;F;TAAKI;Tehinano;Française;
987;Polynésie française;98717SN02;Fangatau Section 02 FANGATAU;;M;TEPEHU;Michel;Française;
987;Polynésie française;98717SN02;Fangatau Section 02 FANGATAU;;M;TUNUTU;René;Française;
987;Polynésie française;98718;Fatu-Hiva;;M;BARSINAS;Marc;Française;
987;Polynésie française;98718;Fatu-Hiva;;M;BOUYER;Paulo Jacques Teiki;Française;
987;Polynésie française;98718;Fatu-Hiva;;F;EHUEINANA;Marie-Noëlle Tahiapahaoa;Française;
987;Polynésie française;98718;Fatu-Hiva;;F;FANAURA;Turia Viviane;Française;
987;Polynésie française;98718;Fatu-Hiva;;M;FAUA;Ubald Marc Tepoeatoua;Française;
987;Polynésie française;98718;Fatu-Hiva;;M;GILMORE;Didier Titi;Française;
987;Polynésie française;98718;Fatu-Hiva;;F;GILMORE;Ursula;Française;
987;Polynésie française;98718;Fatu-Hiva;;F;HAPIPI;Graziella Mahi;Française;
987;Polynésie française;98718;Fatu-Hiva;;M;IHOPU;Jean-Barthélémy Grégory Tiatete;Française;
987;Polynésie française;98718;Fatu-Hiva;;M;KAHIHA;Jean-Baptiste Tetuahakaiki;Française;
987;Polynésie française;98718;Fatu-Hiva;;F;KAMIA;Graziella Teoho Tohetia;Française;
987;Polynésie française;98718;Fatu-Hiva;;M;KAMIA;Teriihaunui;Française;
987;Polynésie française;98718;Fatu-Hiva;;M;KIIHAPAA;Simon;Française;
987;Polynésie française;98718;Fatu-Hiva;;M;KOHUEINUI;Auona James;Française;
987;Polynésie française;98718;Fatu-Hiva;;F;KOHUEINUI;Cesarine Nano Tahiameeatua;Française;
987;Polynésie française;98718;Fatu-Hiva;;F;MATOHI;Lucia Tepuakekaaotefenua;Française;
987;Polynésie française;98718;Fatu-Hiva;;F;MATUUNUI;Marie-Hélène;Française;
987;Polynésie française;98718;Fatu-Hiva;;F;MITITAI;Christiane Jessica Tahia Tetua;Française;
987;Polynésie française;98718;Fatu-Hiva;;M;MOSE;Louis;Française;
987;Polynésie française;98718;Fatu-Hiva;;M;PAHUTOTI;Athanase;Française;
987;Polynésie française;98718;Fatu-Hiva;;F;PAVAOUAU;Edwige Pootunui;Française;
987;Polynésie française;98718;Fatu-Hiva;;M;PAVAOUAU;David;Française;
987;Polynésie française;98718;Fatu-Hiva;;M;PETERS;Jacques Jean Pascal Anituavau;Française;
987;Polynésie française;98718;Fatu-Hiva;;M;ROPATI;Tihoni;Française;
987;Polynésie française;98718;Fatu-Hiva;;M;TAMETONA;Jean Maxime;Française;
987;Polynésie française;98718;Fatu-Hiva;;F;TEIKIOTIU;Glenda;Française;
987;Polynésie française;98718;Fatu-Hiva;;F;TEVENINO;Reva Thilda;Française;
987;Polynésie française;98718;Fatu-Hiva;;F;TUIEINUI;Andréa Hinamouani;Française;
987;Polynésie française;98718;Fatu-Hiva;;M;TUIEINUI;Henri;Française;
987;Polynésie française;98718;Fatu-Hiva;;F;TUIEINUI;Marie-Christine;Française;
987;Polynésie française;98718;Fatu-Hiva;;F;TUOHE;Ludmila;Française;
987;Polynésie française;98718;Fatu-Hiva;;M;VAIKAU;Jean-Luc;Française;
987;Polynésie française;98721SN01;Hikueru Section 01 HIKUERU;;M;HELME;Heinui;Française;
987;Polynésie française;98721SN01;Hikueru Section 01 HIKUERU;;F;HIO;Therese;Française;
987;Polynésie française;98721SN01;Hikueru Section 01 HIKUERU;;M;LECUREUX;Michel;Française;
987;Polynésie française;98721SN01;Hikueru Section 01 HIKUERU;;F;MAHAGA EPOUSE MALARDÉ;Denise Terouru Temata;Française;
987;Polynésie française;98721SN01;Hikueru Section 01 HIKUERU;;F;MAHAI;Josette;Française;
987;Polynésie française;98721SN01;Hikueru Section 01 HIKUERU;;F;MAIFANO;Marlene;Française;
987;Polynésie française;98721SN01;Hikueru Section 01 HIKUERU;;F;MAIFANO;Terava Véronique;Française;
987;Polynésie française;98721SN01;Hikueru Section 01 HIKUERU;;M;METUA;Teiho Faaruru;Française;
987;Polynésie française;98721SN01;Hikueru Section 01 HIKUERU;;F;RAIOAOA;Armel;Française;
987;Polynésie française;98721SN01;Hikueru Section 01 HIKUERU;;F;SOMMERS;Kuraigo;Française;
987;Polynésie française;98721SN01;Hikueru Section 01 HIKUERU;;M;TEAMO;Remy;Française;
987;Polynésie française;98721SN01;Hikueru Section 01 HIKUERU;;M;TEAVE;Moïse;Française;
987;Polynésie française;98721SN01;Hikueru Section 01 HIKUERU;;F;TEHINA;Fai;Française;
987;Polynésie française;98721SN01;Hikueru Section 01 HIKUERU;;F;TEHINA;Viviane Ragitea;Française;
987;Polynésie française;98721SN01;Hikueru Section 01 HIKUERU;;F;TEHIVA;Christiane Roiti;Française;
987;Polynésie française;98721SN01;Hikueru Section 01 HIKUERU;;M;TEITI;Marcel;Française;
987;Polynésie française;98721SN01;Hikueru Section 01 HIKUERU;;M;TEKURIO;Tavahikura;Française;
987;Polynésie française;98721SN01;Hikueru Section 01 HIKUERU;;F;TEKURIO;Jenny;Française;
987;Polynésie française;98721SN01;Hikueru Section 01 HIKUERU;;M;TEKURIO;Herearii;Française;
987;Polynésie française;98721SN01;Hikueru Section 01 HIKUERU;;F;TEKURIO;Anita Leilani Temake;Française;
987;Polynésie française;98721SN01;Hikueru Section 01 HIKUERU;;M;TEMANAHA;Tinihau;Française;
987;Polynésie française;98721SN02;Hikueru Section 02 MAROKAU;;F;ARAPARI;Catherine;Française;
987;Polynésie française;98721SN02;Hikueru Section 02 MAROKAU;;M;CARBAYAL;Iotefa Tetautahi Kahukura;Française;
987;Polynésie française;98721SN02;Hikueru Section 02 MAROKAU;;M;METUA;Albert Tefatanui Tehuira;Française;
987;Polynésie française;98721SN02;Hikueru Section 02 MAROKAU;;F;METUA;Vaitiare;Française;
987;Polynésie française;98721SN02;Hikueru Section 02 MAROKAU;;M;PERRY;Alphonse;Française;
987;Polynésie française;98721SN02;Hikueru Section 02 MAROKAU;;M;RUPEA;Alphonse;Française;
987;Polynésie française;98721SN02;Hikueru Section 02 MAROKAU;;F;TAITI;Corinne Vahinetuiroro;Française;
987;Polynésie française;98721SN02;Hikueru Section 02 MAROKAU;;F;TEFAU-ARIITAI;Clarisse;Française;
987;Polynésie française;98721SN02;Hikueru Section 02 MAROKAU;;F;TEKURIO ÉPSE TEMAHUKI;Puanani Fareunu;Française;
987;Polynésie française;98721SN02;Hikueru Section 02 MAROKAU;;F;VANAA;Miriama;Française;
987;Polynésie française;98730SN01;Napuka Section 01 NAPUKA;;F;ARAI;Dorina;Française;
987;Polynésie française;98730SN01;Napuka Section 01 NAPUKA;;M;ARAI;Mautariki;Française;
987;Polynésie française;98730SN01;Napuka Section 01 NAPUKA;;F;ARAI;Upari;Française;
987;Polynésie française;98730SN01;Napuka Section 01 NAPUKA;;M;ARAI;Maono;Française;
987;Polynésie française;98730SN01;Napuka Section 01 NAPUKA;;F;BENNETT;Pascale Maoe;Française;
987;Polynésie française;98730SN01;Napuka Section 01 NAPUKA;;M;FEUTI;Stanislas;Française;
987;Polynésie française;98730SN01;Napuka Section 01 NAPUKA;;M;HOARANGI;Pierre;Française;
987;Polynésie française;98730SN01;Napuka Section 01 NAPUKA;;F;HOARANGI;Marceline;Française;
987;Polynésie française;98730SN01;Napuka Section 01 NAPUKA;;M;HOUARIKI;Manuel;Française;
987;Polynésie française;98730SN01;Napuka Section 01 NAPUKA;;M;HOUARIKI;Pierre Tetua;Française;
987;Polynésie française;98730SN01;Napuka Section 01 NAPUKA;;M;HOUARIKI;Steeven;Française;
987;Polynésie française;98730SN01;Napuka Section 01 NAPUKA;;F;KAMAKE;Manola;Française;
987;Polynésie française;98730SN01;Napuka Section 01 NAPUKA;;F;KAMAKE;Laurence;Française;
987;Polynésie française;98730SN01;Napuka Section 01 NAPUKA;;M;KAMAKE;Billy;Française;
987;Polynésie française;98730SN01;Napuka Section 01 NAPUKA;;F;KAMAKE;Elitapeta;Française;
987;Polynésie française;98730SN01;Napuka Section 01 NAPUKA;;F;KAMAKE;Temarama;Française;
987;Polynésie française;98730SN01;Napuka Section 01 NAPUKA;;M;KAMAKE;Temahu;Française;
987;Polynésie française;98730SN01;Napuka Section 01 NAPUKA;;M;KAMAKE;Alphonse;Française;
987;Polynésie française;98730SN01;Napuka Section 01 NAPUKA;;F;MAEVA;Torotea;Française;
987;Polynésie française;98730SN01;Napuka Section 01 NAPUKA;;F;MAIHOTA;Mariella;Française;
987;Polynésie française;98730SN01;Napuka Section 01 NAPUKA;;M;PEA;Henri Jacques;Française;
987;Polynésie française;98730SN01;Napuka Section 01 NAPUKA;;M;PEETAU;Christian Tepakia Mihinoa;Française;
987;Polynésie française;98730SN01;Napuka Section 01 NAPUKA;;M;PEETAU;Christian Tamuera;Française;
987;Polynésie française;98730SN01;Napuka Section 01 NAPUKA;;F;PITO;Simone;Française;
987;Polynésie française;98730SN01;Napuka Section 01 NAPUKA;;F;RAEA;Tauhoa;Française;
987;Polynésie française;98730SN01;Napuka Section 01 NAPUKA;;F;TAAROA;Tamara;Française;
987;Polynésie française;98730SN01;Napuka Section 01 NAPUKA;;F;TAHUKANUI ÉPSE HOUARIKI;Joséphine Tefakarava;Finlandaise;
987;Polynésie française;98730SN01;Napuka Section 01 NAPUKA;;F;TAIEMOEARO;Tetori;Française;
987;Polynésie française;98730SN01;Napuka Section 01 NAPUKA;;M;TAKI;Atonio;Française;
987;Polynésie française;98730SN01;Napuka Section 01 NAPUKA;;M;TAKI;One;Française;
987;Polynésie française;98730SN01;Napuka Section 01 NAPUKA;;M;TAKI;Rangimea;Française;
987;Polynésie française;98730SN01;Napuka Section 01 NAPUKA;;M;TAKI;Tuairatamaiti;Française;
987;Polynésie française;98730SN01;Napuka Section 01 NAPUKA;;F;TAKI;Herenia;Française;
987;Polynésie française;98730SN01;Napuka Section 01 NAPUKA;;F;TAPUTU;Hinanui;Française;
987;Polynésie française;98730SN01;Napuka Section 01 NAPUKA;;F;TAUPO;June Vaianu;Française;
987;Polynésie française;98730SN01;Napuka Section 01 NAPUKA;;M;TEANOMAUI;Paciano Ruatefatonga Maramaiteuru;Française;
987;Polynésie française;98730SN01;Napuka Section 01 NAPUKA;;F;TEANOMAUI;Gwenaëlle Pepehau;Française;
987;Polynésie française;98730SN01;Napuka Section 01 NAPUKA;;M;TEHARIKI;Oswald;Française;
987;Polynésie française;98730SN01;Napuka Section 01 NAPUKA;;M;TEPAHI;Tereiuru;Française;
987;Polynésie française;98730SN01;Napuka Section 01 NAPUKA;;F;TERAHEKE;Tapi Teroro Uiriamu;Française;
987;Polynésie française;98730SN01;Napuka Section 01 NAPUKA;;M;TERAKAUHAU;Tahuka;Française;
987;Polynésie française;98730SN01;Napuka Section 01 NAPUKA;;F;TERAKAUHAU;Maria;Française;
987;Polynésie française;98730SN01;Napuka Section 01 NAPUKA;;F;TETAIEKURA;Ruhia Unutai;Française;
987;Polynésie française;98730SN01;Napuka Section 01 NAPUKA;;F;TETOE;Christina Tutana;Française;
987;Polynésie française;98730SN01;Napuka Section 01 NAPUKA;;F;TUHOE;Teanau;Française;
987;Polynésie française;98730SN02;Napuka Section 02 TEPOTO;;M;DARROUZER;Maurice;Française;
987;Polynésie française;98730SN02;Napuka Section 02 TEPOTO;;M;KAMAKE;Teau;Française;
987;Polynésie française;98730SN02;Napuka Section 02 TEPOTO;;F;TAAKI;Ruiariki;Française;
987;Polynésie française;98730SN02;Napuka Section 02 TEPOTO;;F;TEHARIKI;Kathy;Française;
987;Polynésie française;98732SN01;Nukutavake Section 01 NUKUTAVAKE;;M;APA;Roland Yves;Française;
987;Polynésie française;98732SN01;Nukutavake Section 01 NUKUTAVAKE;;M;AUKARA;Pierre Richard;Française;
987;Polynésie française;98732SN01;Nukutavake Section 01 NUKUTAVAKE;;F;MITI;Katopua Katomea;Française;
987;Polynésie française;98732SN01;Nukutavake Section 01 NUKUTAVAKE;;M;MOHAU;Tamaroa;Française;
987;Polynésie française;98732SN01;Nukutavake Section 01 NUKUTAVAKE;;M;TAMAHAHE;Tuhoe;Française;
987;Polynésie française;98732SN01;Nukutavake Section 01 NUKUTAVAKE;;M;TANETEVAIORA;Temauri;Française;
987;Polynésie française;98732SN01;Nukutavake Section 01 NUKUTAVAKE;;F;TEAVAI;Viarei;Française;
987;Polynésie française;98732SN01;Nukutavake Section 01 NUKUTAVAKE;;M;TEAVE;Albert;Française;
987;Polynésie française;98732SN01;Nukutavake Section 01 NUKUTAVAKE;;M;TEUHI;Tagihorau;Française;
987;Polynésie française;98732SN01;Nukutavake Section 01 NUKUTAVAKE;;F;TUAUNU;Clarita Tarita;Française;
987;Polynésie française;98732SN02;Nukutavake Section 02 VAHITAHI;;F;HONOPIKI;Norinne;Française;
987;Polynésie française;98732SN02;Nukutavake Section 02 VAHITAHI;;M;TAGIHIA;Silvano;Française;
987;Polynésie française;98732SN02;Nukutavake Section 02 VAHITAHI;;F;TAUOFA;Mihiarii;Française;
987;Polynésie française;98732SN02;Nukutavake Section 02 VAHITAHI;;F;TEARIKI;Jessica;Française;
987;Polynésie française;98732SN02;Nukutavake Section 02 VAHITAHI;;M;TEAVE;Tehotua Jérôme;Française;
987;Polynésie française;98732SN02;Nukutavake Section 02 VAHITAHI;;F;TENIARO;Heitarauri;Française;
987;Polynésie française;98732SN02;Nukutavake Section 02 VAHITAHI;;F;TEURU-TEUIAU;Erena;Française;
987;Polynésie française;98732SN02;Nukutavake Section 02 VAHITAHI;;M;TOOFA;Manoa;Française;
987;Polynésie française;98732SN03;Nukutavake Section 03 VAIRAATEA;;F;KAPIKURA;Madeleine Rokea;Française;
987;Polynésie française;98732SN03;Nukutavake Section 03 VAIRAATEA;;M;TEREROA;Martin Matai;Française;
987;Polynésie française;98732SN03;Nukutavake Section 03 VAIRAATEA;;F;TEUAPIKO;Omélie;Française;
987;Polynésie française;98732SN03;Nukutavake Section 03 VAIRAATEA;;M;TINOMANO;Teuhi;Française;
987;Polynésie française;98737;Pukapuka;;M;ALAKILETOA;Pesamino;Française;
987;Polynésie française;98737;Pukapuka;;F;MAKITUA;Tapu;Française;
987;Polynésie française;98737;Pukapuka;;M;MARUAKE;Marc-Marie;Française;
987;Polynésie française;98737;Pukapuka;;F;PAPA;Verina;Française;
987;Polynésie française;98737;Pukapuka;;F;PORUTU;Irma;Française;
987;Polynésie française;98737;Pukapuka;;F;TANEPAU;Odile;Française;
987;Polynésie française;98737;Pukapuka;;M;TAPII;Hervé;Française;
987;Polynésie française;98737;Pukapuka;;F;TEAMO;Tapuariki;Française;
987;Polynésie française;98737;Pukapuka;;M;TEAOTU;Heremano;Française;
987;Polynésie française;98737;Pukapuka;;M;TEAOTU;Raimano;Française;
987;Polynésie française;98737;Pukapuka;;M;TEATO;Georges;Française;
987;Polynésie française;98737;Pukapuka;;M;TEPAHI-PORUTU;Tutapeheiariki;Française;
987;Polynésie française;98737;Pukapuka;;F;TERIIRERE;Taiana;Française;
987;Polynésie française;98737;Pukapuka;;F;TERIIRERE;Vairau;Française;
987;Polynésie française;98737;Pukapuka;;M;TERIIRERE;Norbert;Française;
987;Polynésie française;98737;Pukapuka;;F;TERIIRERE;Poema;Française;
987;Polynésie française;98737;Pukapuka;;M;TINORUA;Romuald;Française;
987;Polynésie française;98737;Pukapuka;;F;TOHUTIKA;Ruita;Française;
987;Polynésie française;98737;Pukapuka;;M;VILLANT;Raphaël;Française;
987;Polynésie française;98737;Pukapuka;;M;VILLANT;Tauhei;Française;
987;Polynésie française;98737;Pukapuka;;F;VILLANT;Linda Marie Line;Française;
987;Polynésie française;98737;Pukapuka;;F;VILLANT;Dorielle;Française;
987;Polynésie française;98739SN01;Raivavae Section 01 ANATONU;;M;ANI;Columbo;Française;
987;Polynésie française;98739SN01;Raivavae Section 01 ANATONU;;M;HAUATA;Reiarii;Française;
987;Polynésie française;98739SN01;Raivavae Section 01 ANATONU;;M;TAMAITITAHIO;Claudius;Française;
987;Polynésie française;98739SN01;Raivavae Section 01 ANATONU;;F;TEIPOARII;Tera;Française;
987;Polynésie française;98739SN01;Raivavae Section 01 ANATONU;;F;TEIPOARII;Teina;Française;
987;Polynésie française;98739SN01;Raivavae Section 01 ANATONU;;F;TEVAATUA;Henriette;Française;
987;Polynésie française;98739SN01;Raivavae Section 01 ANATONU;;M;TUMARAE;Jacques;Française;
987;Polynésie française;98739SN01;Raivavae Section 01 ANATONU;;F;TUMARAE;Marcella;Française;
987;Polynésie française;98739SN02;Raivavae Section 02 RAIRUA-MAHANATOA;;F;FAAHIPA;Zelia;Française;
987;Polynésie française;98739SN02;Raivavae Section 02 RAIRUA-MAHANATOA;;M;FLORES;Hubert;Française;
987;Polynésie française;98739SN02;Raivavae Section 02 RAIRUA-MAHANATOA;;M;FLORES;Bruno;Française;
987;Polynésie française;98739SN02;Raivavae Section 02 RAIRUA-MAHANATOA;;F;FLORES;Turouru;Française;
987;Polynésie française;98739SN02;Raivavae Section 02 RAIRUA-MAHANATOA;;M;HAATANI;Tehau;Française;
987;Polynésie française;98739SN02;Raivavae Section 02 RAIRUA-MAHANATOA;;F;LUISEN;Vaite;Française;
987;Polynésie française;98739SN02;Raivavae Section 02 RAIRUA-MAHANATOA;;M;MAONO;Teva;Française;
987;Polynésie française;98739SN02;Raivavae Section 02 RAIRUA-MAHANATOA;;F;MAUAHITI;Laina;Française;
987;Polynésie française;98739SN02;Raivavae Section 02 RAIRUA-MAHANATOA;;M;OPETA;Victor;Française;
987;Polynésie française;98739SN02;Raivavae Section 02 RAIRUA-MAHANATOA;;M;OPETA;Poroi;Française;
987;Polynésie française;98739SN02;Raivavae Section 02 RAIRUA-MAHANATOA;;F;QUAN-WEL;Haipunaruu;Française;
987;Polynésie française;98739SN02;Raivavae Section 02 RAIRUA-MAHANATOA;;M;RAUFAUORE;Freddy;Française;
987;Polynésie française;98739SN02;Raivavae Section 02 RAIRUA-MAHANATOA;;F;TAMAITITAHIO;Tarome;Française;
987;Polynésie française;98739SN02;Raivavae Section 02 RAIRUA-MAHANATOA;;F;TEEHU;Magalie;Française;
987;Polynésie française;98739SN02;Raivavae Section 02 RAIRUA-MAHANATOA;;M;TETUAMANUHIRI;Eugène;Française;
987;Polynésie française;98739SN02;Raivavae Section 02 RAIRUA-MAHANATOA;;F;TETUAMANUHIRI;Rosalie;Française;
987;Polynésie française;98739SN03;Raivavae Section 03 VAIURU;;M;FLORES;Tenaue;Française;
987;Polynésie française;98739SN03;Raivavae Section 03 VAIURU;;M;MAHAA;Christo;Française;
987;Polynésie française;98739SN03;Raivavae Section 03 VAIURU;;M;MAHAA;Maru;Française;
987;Polynésie française;98739SN03;Raivavae Section 03 VAIURU;;F;MANAIA;Kany;Française;
987;Polynésie française;98739SN03;Raivavae Section 03 VAIURU;;F;TAMAITITAHIO;Raruna;Française;
987;Polynésie française;98739SN03;Raivavae Section 03 VAIURU;;M;TEAPEHU;Grimald;Française;
987;Polynésie française;98739SN03;Raivavae Section 03 VAIURU;;F;TEHAHE;Antinea;Française;
987;Polynésie française;98739SN03;Raivavae Section 03 VAIURU;;M;TEVAATUA;Joachim;Française;
987;Polynésie française;98739SN03;Raivavae Section 03 VAIURU;;M;VARUATUA;Euloge;Française;
987;Polynésie française;98741;Rapa;;M;ANGIA;Tamati Remy;Française;
987;Polynésie française;98741;Rapa;;F;AVAEORU;Ana Tehei;Française;
987;Polynésie française;98741;Rapa;;M;BEA;Rani Luc;Française;
987;Polynésie française;98741;Rapa;;F;BEA;Leilani Batesepa;Française;
987;Polynésie française;98741;Rapa;;M;FARAIRE;Heimana;Française;
987;Polynésie française;98741;Rapa;;F;FARAIRE;Martine Moea;Française;
987;Polynésie française;98741;Rapa;;F;FAREAHU;Dominique Taria;Française;
987;Polynésie française;98741;Rapa;;M;IOTUA;Hervé;Française;
987;Polynésie française;98741;Rapa;;M;JEAN;François;Française;
987;Polynésie française;98741;Rapa;;F;LENOIR;Amelie;Française;
987;Polynésie française;98741;Rapa;;M;MAIHURI;Michel;Française;
987;Polynésie française;98741;Rapa;;M;MAKE;Joinville;Française;
987;Polynésie française;98741;Rapa;;M;MOETERAURI;Tepuaomahu;Française;
987;Polynésie française;98741;Rapa;;F;PUKOKI;Paulina;Française;
987;Polynésie française;98741;Rapa;;M;RIARIA;Tarariki;Française;
987;Polynésie française;98741;Rapa;;M;RIARIA;Freddy;Française;
987;Polynésie française;98741;Rapa;;F;TAMATA;Fanny;Française;
987;Polynésie française;98741;Rapa;;F;TEIPOARII;Annette;Française;
987;Polynésie française;98741;Rapa;;F;TEROOATEA;Mererai;Française;
987;Polynésie française;98741;Rapa;;F;TINOMOE;Pauline;Française;
987;Polynésie française;98741;Rapa;;M;WATANABE;Gildas;Française;
987;Polynésie française;98741;Rapa;;F;WATANABE;Yvonne Tiare;Française;
987;Polynésie française;98742SN01;Reao Section 01 PUKARUA;;F;AA;Heidi;Française;
987;Polynésie française;98742SN01;Reao Section 01 PUKARUA;;F;HAMAU;Juliette Matirita;Française;
987;Polynésie française;98742SN01;Reao Section 01 PUKARUA;;F;LY;Marie-Thérèse;Française;
987;Polynésie française;98742SN01;Reao Section 01 PUKARUA;;M;MAHAGATEIRA;Teaotu;Française;
987;Polynésie française;98742SN01;Reao Section 01 PUKARUA;;M;MAHAGATEIRA;Maire;Française;
987;Polynésie française;98742SN01;Reao Section 01 PUKARUA;;F;MAITUI;Nenette;Française;
987;Polynésie française;98742SN01;Reao Section 01 PUKARUA;;M;MERVIN;Samuel;Française;
987;Polynésie française;98742SN01;Reao Section 01 PUKARUA;;F;TEANO;Hinanui Tarome;Française;
987;Polynésie française;98742SN01;Reao Section 01 PUKARUA;;F;TEHAHE;Lindsay Teroro Moetua;Française;
987;Polynésie française;98742SN01;Reao Section 01 PUKARUA;;F;TEHAU;Maria Tereiga;Française;
987;Polynésie française;98742SN01;Reao Section 01 PUKARUA;;M;TEHUIHUI;Maurice Michel;Française;
987;Polynésie française;98742SN01;Reao Section 01 PUKARUA;;M;TUATA;Maehanga Fulbert;Française;
987;Polynésie française;98742SN02;Reao Section 02 REAO;;M;LENOIR;Matatini;Française;
987;Polynésie française;98742SN02;Reao Section 02 REAO;;F;MARITERAGI EPSE TAIEMOEARO;Tepepe;Française;
987;Polynésie française;98742SN02;Reao Section 02 REAO;;M;MOU CHI VONG;Jaques Youl Lang;Française;
987;Polynésie française;98742SN02;Reao Section 02 REAO;;M;POLTAVTSEEF;Danny Grégory;Française;
987;Polynésie française;98742SN02;Reao Section 02 REAO;;M;POLTAVTSEEF;Ludovic Areki Dimitri;Française;
987;Polynésie française;98742SN02;Reao Section 02 REAO;;F;TEAKA;Rauhei Mauga-Nohonoho Trist Ioana;Française;
987;Polynésie française;98742SN02;Reao Section 02 REAO;;M;TEANO;Antoine Kehauri;Française;
987;Polynésie française;98742SN02;Reao Section 02 REAO;;M;TEANO;Keha Adrien;Française;
987;Polynésie française;98742SN02;Reao Section 02 REAO;;F;TEARA;Marie Fakarua;Française;
987;Polynésie française;98742SN02;Reao Section 02 REAO;;M;TEHARIKI;Tepuni Samuera;Française;
987;Polynésie française;98742SN02;Reao Section 02 REAO;;M;TEHAU;Vitore Aranui;Française;
987;Polynésie française;98742SN02;Reao Section 02 REAO;;M;TEHAU;Albert;Française;
987;Polynésie française;98742SN02;Reao Section 02 REAO;;F;TEHAU;Marine-Anne Vaimata;Française;
987;Polynésie française;98742SN02;Reao Section 02 REAO;;M;TEMANO;Teehu-Agatonio;Française;
987;Polynésie française;98742SN02;Reao Section 02 REAO;;M;TEPAKOU;Vetea Rene;Française;
987;Polynésie française;98742SN02;Reao Section 02 REAO;;M;TETAIAMOEARO;Tetaimoearo;Française;
987;Polynésie française;98742SN02;Reao Section 02 REAO;;F;TIMOTEO EPOUSE TEARA;Leonne;Française;
987;Polynésie française;98742SN02;Reao Section 02 REAO;;F;TOGATEVANA;Clarisse Puakina;Française;
987;Polynésie française;98743SN01;Rimatara Section 01 AMARU;;M;AA;Jean-Claude;Française;
987;Polynésie française;98743SN01;Rimatara Section 01 AMARU;;F;AVAE;Puaheu;Française;
987;Polynésie française;98743SN01;Rimatara Section 01 AMARU;;M;HATITIO;Artigas;Française;
987;Polynésie française;98743SN01;Rimatara Section 01 AMARU;;M;IOANE;Théodore Taputuura;Française;
987;Polynésie française;98743SN01;Rimatara Section 01 AMARU;;M;MOOROA;Tetahina;Française;
987;Polynésie française;98743SN01;Rimatara Section 01 AMARU;;F;MOOROA;Lisa;Française;
987;Polynésie française;98743SN01;Rimatara Section 01 AMARU;;M;OPUU;Tauraa;Française;
987;Polynésie française;98743SN01;Rimatara Section 01 AMARU;;M;SAMG-MOUIT;Gilles Taromea;Française;
987;Polynésie française;98743SN01;Rimatara Section 01 AMARU;;M;TAMARINO;Amerama;Française;
987;Polynésie française;98743SN01;Rimatara Section 01 AMARU;;F;TAMARINO ÉPOUSE TEFAAFANA;Iaera;Française;
987;Polynésie française;98743SN01;Rimatara Section 01 AMARU;;M;TEMATAHOTOA;Etera;Française;
987;Polynésie française;98743SN01;Rimatara Section 01 AMARU;;F;UTIA;Vaimiti;Française;
987;Polynésie française;98743SN02;Rimatara Section 02 ANAPOTO;;M;ATAPO;Tony;Française;
987;Polynésie française;98743SN02;Rimatara Section 02 ANAPOTO;;F;HATITIO;Marina;Française;
987;Polynésie française;98743SN02;Rimatara Section 02 ANAPOTO;;F;HATITIO;Natacha;Française;
987;Polynésie française;98743SN02;Rimatara Section 02 ANAPOTO;;M;HATITIO;Topata;Française;
987;Polynésie française;98743SN02;Rimatara Section 02 ANAPOTO;;M;HATITIO;Harevaa;Française;
987;Polynésie française;98743SN02;Rimatara Section 02 ANAPOTO;;F;HATITIO;Vaihere;Française;
987;Polynésie française;98743SN02;Rimatara Section 02 ANAPOTO;;M;HATITIO;Randall;Française;
987;Polynésie française;98743SN02;Rimatara Section 02 ANAPOTO;;M;HATITIO;Armand;Française;
987;Polynésie française;98743SN02;Rimatara Section 02 ANAPOTO;;F;IOTUA;Tamara;Française;
987;Polynésie française;98743SN02;Rimatara Section 02 ANAPOTO;;F;KATO;Yoko;Française;
987;Polynésie française;98743SN02;Rimatara Section 02 ANAPOTO;;M;PAPARA;Maxime;Française;
987;Polynésie française;98743SN02;Rimatara Section 02 ANAPOTO;;F;PATU;Nella;Française;
987;Polynésie française;98743SN02;Rimatara Section 02 ANAPOTO;;M;TARINA;Jacques;Française;
987;Polynésie française;98743SN02;Rimatara Section 02 ANAPOTO;;F;TEMATAHOTOA;Tapeta;Française;
987;Polynésie française;98743SN02;Rimatara Section 02 ANAPOTO;;M;TERIITUA;Heimanu Uramenu;Française;
987;Polynésie française;98743SN03;Rimatara Section 03 MUTUAURA;;M;APINI;Ahini;Française;
987;Polynésie française;98743SN03;Rimatara Section 03 MUTUAURA;;M;HAUATA;Nicolas;Française;
987;Polynésie française;98743SN03;Rimatara Section 03 MUTUAURA;;M;IOTUA;Gabriel;Française;
987;Polynésie française;98743SN03;Rimatara Section 03 MUTUAURA;;M;MAKE;Phareza;Française;
987;Polynésie française;98743SN03;Rimatara Section 03 MUTUAURA;;F;NANAIA;Marania;Française;
987;Polynésie française;98743SN03;Rimatara Section 03 MUTUAURA;;F;NARU;Myrna;Française;
987;Polynésie française;98743SN03;Rimatara Section 03 MUTUAURA;;F;TAHARIA;Vaimiti;Française;
987;Polynésie française;98743SN03;Rimatara Section 03 MUTUAURA;;M;TAHARIA;Martial;Française;
987;Polynésie française;98743SN03;Rimatara Section 03 MUTUAURA;;M;TAHARIA;Joinville;Française;
987;Polynésie française;98743SN03;Rimatara Section 03 MUTUAURA;;F;TAIRIO;Mahealani;Française;
987;Polynésie française;98743SN03;Rimatara Section 03 MUTUAURA;;F;TEHAEURA;Tina;Française;
987;Polynésie française;98743SN03;Rimatara Section 03 MUTUAURA;;F;TEMATAHOTOA;Gladys;Française;
987;Polynésie française;98743SN03;Rimatara Section 03 MUTUAURA;;F;TEMATAHOTOA;Heimaire;Française;
987;Polynésie française;98743SN03;Rimatara Section 03 MUTUAURA;;M;TEMATAHOTOA;Moehau;Française;
987;Polynésie française;98743SN03;Rimatara Section 03 MUTUAURA;;M;TEMATAHOTOA;Hatuura;Française;
987;Polynésie française;98743SN03;Rimatara Section 03 MUTUAURA;;M;TEREOPA;Luda;Française;
987;Polynésie française;98743SN03;Rimatara Section 03 MUTUAURA;;M;TEREOPA;Noaiti;Française;
987;Polynésie française;98743SN03;Rimatara Section 03 MUTUAURA;;M;UTIA;Manaia;Française;
987;Polynésie française;98746;Tahuata;;F;ANIAMIOI;Sabina;Française;
987;Polynésie française;98746;Tahuata;;F;BARSINAS;Marie;Française;
987;Polynésie française;98746;Tahuata;;M;BARSINAS;Marc;Française;
987;Polynésie française;98746;Tahuata;;M;BARSINAS;Félix;Française;
987;Polynésie française;98746;Tahuata;;M;BARSINAS;Enoch;Française;
987;Polynésie française;98746;Tahuata;;F;BONNO;Lindia;Française;
987;Polynésie française;98746;Tahuata;;M;KOHUEINUI;Louis;Française;
987;Polynésie française;98746;Tahuata;;M;KOKAUANI;Joachim;Française;
987;Polynésie française;98746;Tahuata;;M;KOKAUANI;François;Française;
987;Polynésie française;98746;Tahuata;;F;MAHAA;Natacha;Française;
987;Polynésie française;98746;Tahuata;;F;MARURAI;Hana;Française;
987;Polynésie française;98746;Tahuata;;M;POEPOEANI;Mathias;Française;
987;Polynésie française;98746;Tahuata;;M;PUTATOUTAKI;Alexandre;Française;
987;Polynésie française;98746;Tahuata;;F;ROOTUEHINE;Myriam;Française;
987;Polynésie française;98746;Tahuata;;M;ROOTUEHINE;Mathias;Française;
987;Polynésie française;98746;Tahuata;;F;TEHAHE;Anna;Française;
987;Polynésie française;98746;Tahuata;;M;TEHEIPUARII;Joseph;Française;
987;Polynésie française;98746;Tahuata;;M;TEHEIPUARII;Samuel;Française;
987;Polynésie française;98746;Tahuata;;M;TEIKIPUPUNI;Teikiotini;Française;
987;Polynésie française;98746;Tahuata;;F;TEIKITOHE;Mathilde;Française;
987;Polynésie française;98746;Tahuata;;F;TETAHIOTUPA;Sabine;Française;
987;Polynésie française;98746;Tahuata;;F;TIMAU;Marylène;Française;
987;Polynésie française;98746;Tahuata;;M;TIMAU;Gilbert;Française;
987;Polynésie française;98746;Tahuata;;F;TIMAU;Ghislaine;Française;
987;Polynésie française;98746;Tahuata;;F;TIMAU;Micheline;Française;
987;Polynésie française;98746;Tahuata;;M;TIMAU;Norbert;Française;
987;Polynésie française;98746;Tahuata;;M;TIMAU;Adrien;Française;
987;Polynésie française;98746;Tahuata;;M;TIMAU;Simon;Française;
987;Polynésie française;98746;Tahuata;;F;TIMAU;Stella;Française;
987;Polynésie française;98746;Tahuata;;F;VAIMAA;Marie-Rose;Française;
987;Polynésie française;98751;Tatakoto;;F;AVAEPII;Hinanui Laeticia;Française;
987;Polynésie française;98751;Tatakoto;;M;FOURDRIGNIER;Patrick;Française;
987;Polynésie française;98751;Tatakoto;;M;HATUUKU;Louis;Française;
987;Polynésie française;98751;Tatakoto;;F;HITUPUTOKA;Patricia Temake;Française;
987;Polynésie française;98751;Tatakoto;;M;KAMAKE;Maratino;Française;
987;Polynésie française;98751;Tatakoto;;F;KERARAVARU;Marguarita Hauata Hawaiki;Française;
987;Polynésie française;98751;Tatakoto;;F;MAIHITI;Helene;Française;
987;Polynésie française;98751;Tatakoto;;F;MARERE;Korotika;Française;
987;Polynésie française;98751;Tatakoto;;M;POKARA;Tetiratahuka;Française;
987;Polynésie française;98751;Tatakoto;;M;POU;Jean-Luc Tepoa;Française;
987;Polynésie française;98751;Tatakoto;;M;RAKA;Tukihiti;Française;
987;Polynésie française;98751;Tatakoto;;M;RATA;Terupe;Française;
987;Polynésie française;98751;Tatakoto;;F;RATA;Madeleine Tukoropaga;Française;
987;Polynésie française;98751;Tatakoto;;M;TAGI;Firipa;Française;
987;Polynésie française;98751;Tatakoto;;M;TAGI;Jean Tuhoe;Française;
987;Polynésie française;98751;Tatakoto;;F;TAHUTINI-MANUIREVA;Punariki;Française;
987;Polynésie française;98751;Tatakoto;;F;TARDAT;Melissa Faahei;Française;
987;Polynésie française;98751;Tatakoto;;F;TCHEN;Cyndel;Française;
987;Polynésie française;98751;Tatakoto;;M;TEAGAI;Ernest Igino;Française;
987;Polynésie française;98751;Tatakoto;;M;TEARIKI;Tamatoa;Française;
987;Polynésie française;98751;Tatakoto;;M;TEFAU-HUTIA;Tutea Karl;Française;
987;Polynésie française;98751;Tatakoto;;F;TIARII;Tehani;Française;
987;Polynésie française;98755;Tureia;;F;ARAI;Manava;Française;
987;Polynésie française;98755;Tureia;;F;BELLAIS;Titaina;Française;
987;Polynésie française;98755;Tureia;;F;BRANDER;Kapina;Française;
987;Polynésie française;98755;Tureia;;F;BRANDER;Tevahine;Française;
987;Polynésie française;98755;Tureia;;F;FAAREOITI;Heimiti;Française;
987;Polynésie française;98755;Tureia;;F;FAATAU;Hélène;Française;
987;Polynésie française;98755;Tureia;;F;FARIKI;Parae;Française;
987;Polynésie française;98755;Tureia;;F;FARIKI;Teheatua Denise;Française;
987;Polynésie française;98755;Tureia;;M;FARIKI;Ioane Temauri;Française;
987;Polynésie française;98755;Tureia;;M;FARIKI;Tane;Française;
987;Polynésie française;98755;Tureia;;F;FARIKI;Clarita;Française;
987;Polynésie française;98755;Tureia;;M;GUITTENY;René;Française;
987;Polynésie française;98755;Tureia;;M;HATITIO;Tuhina;Française;
987;Polynésie française;98755;Tureia;;F;HITUPUTOKA;Gabriella;Française;
987;Polynésie française;98755;Tureia;;M;HURI;Glenn;Française;
987;Polynésie française;98755;Tureia;;F;MAI;Pascale;Française;
987;Polynésie française;98755;Tureia;;F;MAIRIHAU;Taitua;Française;
987;Polynésie française;98755;Tureia;;F;MATA;Vaiarii;Française;
987;Polynésie française;98755;Tureia;;F;TAPII;Béatrice;Française;
987;Polynésie française;98755;Tureia;;F;TAVANAE;Béatrice;Française;
987;Polynésie française;98755;Tureia;;F;TEARIKI;Viola;Française;
987;Polynésie française;98755;Tureia;;F;TEAUROA;Florita;Française;
987;Polynésie française;98755;Tureia;;F;TEHAU;Françoise;Française;
987;Polynésie française;98755;Tureia;;F;TEHINA;Hinano;Française;
987;Polynésie française;98755;Tureia;;F;TEHUMU;Sandrine;Française;
987;Polynésie française;98755;Tureia;;M;TEHUMU;Ernest Vaimoana;Française;
987;Polynésie française;98755;Tureia;;M;TEIHOTU;Jérôme;Française;
987;Polynésie française;98755;Tureia;;M;TEIKIHAKAUPOKO;Augustin;Française;
987;Polynésie française;98755;Tureia;;F;TEIPOARII;Johanna;Française;
987;Polynésie française;98755;Tureia;;M;TEKAHUKURA;Jean-Marc;Française;
987;Polynésie française;98755;Tureia;;M;TEPANO;Hei Felix;Française;
987;Polynésie française;98755;Tureia;;M;TETAVAHI;Temauri Tefau;Française;
987;Polynésie française;98755;Tureia;;M;TINO;Aramona;Finlandaise;
987;Polynésie française;98756;Ua-Huka;;F;AH-SAM;Lylène;Française;
987;Polynésie française;98756;Ua-Huka;;M;AUNOA;Ranka;Française;
987;Polynésie française;98756;Ua-Huka;;F;BARSINAS;Pierrette;Française;
987;Polynésie française;98756;Ua-Huka;;F;BROWN;Anne;Française;
987;Polynésie française;98756;Ua-Huka;;F;BROWN;Léontine;Française;
987;Polynésie française;98756;Ua-Huka;;M;FOURNIER;Sylvain;Française;
987;Polynésie française;98756;Ua-Huka;;M;FOURNIER;Christian;Française;
987;Polynésie française;98756;Ua-Huka;;F;FOURNIER;Antonina;Française;
987;Polynésie française;98756;Ua-Huka;;F;FOURNIER;Agathe;Française;
987;Polynésie française;98756;Ua-Huka;;F;FOURNIER;Edwige;Française;
987;Polynésie française;98756;Ua-Huka;;M;FOURNIER;David;Française;
987;Polynésie française;98756;Ua-Huka;;F;FOURNIER ÉPSE TEIKITEEPUPUNI-POEVAI;Mélinda;Française;
987;Polynésie française;98756;Ua-Huka;;M;FOURNIER-HIKUTINI;Joseph;Française;
987;Polynésie française;98756;Ua-Huka;;F;GILMORE;Noëla;Française;
987;Polynésie française;98756;Ua-Huka;;F;KEHUEHITU;Caristine;Française;
987;Polynésie française;98756;Ua-Huka;;M;KEHUEHITU;Firmin;Française;
987;Polynésie française;98756;Ua-Huka;;M;LICHTLE;Axel;Française;
987;Polynésie française;98756;Ua-Huka;;F;LICHTLE EPS TEKOHUOTETUA;Marie Chantal;Française;
987;Polynésie française;98756;Ua-Huka;;M;MATAITAI;Tapunui;Française;
987;Polynésie française;98756;Ua-Huka;;M;OHU;Nestor;Française;
987;Polynésie française;98756;Ua-Huka;;F;OHU;Colette;Française;
987;Polynésie française;98756;Ua-Huka;;F;PIOKOE ÉPSE TEIKITEEPUPUNI;Léontine;Française;
987;Polynésie française;98756;Ua-Huka;;F;ROOTUEHINE;Gilda Vahinetua;Française;
987;Polynésie française;98756;Ua-Huka;;M;SCALLAMERA;Romeo;Française;
987;Polynésie française;98756;Ua-Huka;;F;SORIN;Tatiana;Française;
987;Polynésie française;98756;Ua-Huka;;M;STEIGER;Bryan;Française;
987;Polynésie française;98756;Ua-Huka;;M;SULPICE;Tuhuna;Française;
987;Polynésie française;98756;Ua-Huka;;F;SULPICE;Irista;Française;
987;Polynésie française;98756;Ua-Huka;;M;TAAVIRI;Teva;Française;
987;Polynésie française;98756;Ua-Huka;;F;TAIAAPU;Victorine;Française;
987;Polynésie française;98756;Ua-Huka;;M;TAIAAPU;Raiarii;Française;
987;Polynésie française;98756;Ua-Huka;;M;TAIAAPU;Charles;Française;
987;Polynésie française;98756;Ua-Huka;;F;TAMARII;Noéline;Française;
987;Polynésie française;98756;Ua-Huka;;M;TEATIU;Roland;Française;
987;Polynésie française;98756;Ua-Huka;;F;TEATIU;Gabrielle;Française;
987;Polynésie française;98756;Ua-Huka;;M;TEIKIHUAVANAKA;David;Française;
987;Polynésie française;98756;Ua-Huka;;M;TEIKIHUAVANAKA;Landry;Française;
987;Polynésie française;98756;Ua-Huka;;M;TEIKITEEPUPUNI;Paul;Française;
987;Polynésie française;98756;Ua-Huka;;M;TEIKITEEPUPUNI-POEVAI;Patrick;Française;
987;Polynésie française;98756;Ua-Huka;;M;TEPEA;André;Française;
987;Polynésie française;98756;Ua-Huka;;F;TEPEA;Marianne;Française;
987;Polynésie française;98756;Ua-Huka;;F;TIKARE;Aurore;Française;
987;Polynésie française;98756;Ua-Huka;;M;TOUATINI;Domingo;Française;
987;Polynésie française;98756;Ua-Huka;;M;TUATA;Jean-Pierre;Française;
987;Polynésie française;98756;Ua-Huka;;F;VAHAPUTONA ÉPSE FOURNIER;Martine;Française;
